ts_code,date,open,high,low,close,pre_close,change,pct_chg,volume,amount
,2024-01-02,32.89,33.43,32.68,33.1,32.79,0.3100000000000023,0.95,85575.94,299704.719
,2024-01-03,33.02,33.71,33.01,33.38,33.1,0.2800000000000011,0.85,83878.69,295951.105
,2024-01-04,33.34,33.77,33.1,33.53,33.38,0.1499999999999985,0.45,56441.48,198857.738
,2024-01-05,33.41,33.62,32.87,33.03,33.53,-0.5,-1.49,54520.28,190905.092
,2024-01-08,32.87,33.18,32.16,32.2,33.03,-0.8299999999999983,-2.51,77116.0,264747.09
,2024-01-09,32.2,32.5,31.84,32.13,32.2,-0.0700000000000002,-0.22,66126.07,224861.775
,2024-01-10,32.19,32.67,31.98,32.37,32.13,0.2399999999999948,0.75,52980.25,181052.489
,2024-01-11,32.43,32.75,32.2,32.48,32.37,0.1099999999999994,0.34,52840.01,181157.638
,2024-01-12,32.58,32.81,32.25,32.48,32.48,0.0,0.0,32669.96,112293.885
,2024-01-15,32.37,33.16,32.24,32.54,32.48,0.0600000000000022,0.18,38088.0,131404.876
,2024-01-16,33.17,33.29,32.37,32.81,32.54,0.2700000000000031,0.83,59923.88,206852.256
,2024-01-17,32.71,32.72,31.97,31.99,32.81,-0.8200000000000038,-2.5,70075.72,238961.473
,2024-01-18,31.86,32.19,30.9,32.11,31.99,0.120000000000001,0.38,93002.06,308680.897
,2024-01-19,32.0,32.58,31.87,32.26,32.11,0.1499999999999985,0.47,56151.43,191335.918
,2024-01-22,32.08,32.58,31.1,31.1,32.26,-1.1599999999999966,-3.6,66681.62,223406.011
,2024-01-23,30.93,31.45,30.44,31.3,31.1,0.1999999999999993,0.64,82823.98,270938.009
,2024-01-24,31.41,31.99,30.96,31.94,31.3,0.6400000000000006,2.04,53124.63,176118.748
,2024-01-25,31.81,32.3,31.67,32.23,31.94,0.2899999999999956,0.91,62701.77,211939.547
,2024-01-26,32.05,32.8,32.05,32.14,32.23,-0.0899999999999963,-0.28,60100.81,205242.749
,2024-01-29,31.29,32.1,29.84,31.67,32.14,-0.4699999999999988,-1.46,106199.06,351261.31
,2024-01-30,31.46,31.91,30.81,30.81,31.67,-0.860000000000003,-2.72,50394.51,166808.517
,2024-01-31,30.54,31.02,30.11,30.22,30.81,-0.5899999999999999,-1.91,85151.18,273554.938
,2024-02-01,30.03,30.72,29.99,30.31,30.22,0.0899999999999998,0.3,51903.68,166567.972
,2024-02-02,30.33,31.16,29.46,30.05,30.31,-0.259999999999998,-0.86,70476.35,227098.962
,2024-02-05,29.98,30.96,28.98,30.09,30.05,0.0399999999999991,0.13,95082.89,301060.786
,2024-02-06,29.97,33.1,29.91,33.1,30.09,3.0100000000000016,10.0,170092.98,578453.173
,2024-02-07,33.47,35.18,33.1,34.9,33.1,1.7999999999999972,5.44,214257.13,780703.63
,2024-02-08,34.91,36.06,34.0,34.35,34.9,-0.5499999999999972,-1.58,204877.6,758254.624
,2024-02-19,34.76,34.76,33.58,34.02,34.35,-0.3299999999999983,-0.96,138606.35,497104.798
,2024-02-20,33.78,34.8,33.78,34.51,34.02,0.4899999999999949,1.44,103672.5,375405.88
,2024-02-21,34.46,34.6,33.92,34.02,34.51,-0.4899999999999949,-1.42,108503.6,391682.183
,2024-02-22,34.12,34.25,33.57,33.85,34.02,-0.1700000000000017,-0.5,87897.87,313487.184
,2024-02-23,33.73,34.2,33.43,34.08,33.85,0.2299999999999968,0.68,101605.47,362486.256
,2024-02-26,34.02,34.28,33.6,33.91,34.08,-0.1700000000000017,-0.5,107625.91,384954.699
,2024-02-27,33.85,34.02,33.52,33.94,33.91,0.0300000000000011,0.09,83722.61,297740.536
,2024-02-28,34.08,34.4,33.38,33.39,33.94,-0.5499999999999972,-1.62,111958.43,399805.874
,2024-02-29,33.1,34.11,33.02,33.96,33.39,0.5700000000000003,1.71,112473.02,400135.939
,2024-03-01,33.96,34.14,33.48,33.9,33.96,-0.0600000000000022,-0.18,81981.75,292035.263
,2024-03-04,33.9,34.52,33.62,34.39,33.9,0.490000000000002,1.45,123166.19,443669.742
,2024-03-05,34.23,34.52,34.02,34.23,34.39,-0.1600000000000037,-0.47,84629.06,305717.578
,2024-03-06,34.11,34.33,33.66,33.82,34.23,-0.4099999999999966,-1.2,74145.15,265187.703
,2024-03-07,33.91,33.95,33.27,33.27,33.82,-0.5499999999999972,-1.63,64419.66,227840.148
,2024-03-08,33.26,33.97,33.04,33.85,33.27,0.5799999999999983,1.74,69621.2,245930.88
,2024-03-11,33.79,34.03,33.46,34.02,33.85,0.1700000000000017,0.5,73543.43,261878.792
,2024-03-12,34.02,34.66,33.72,33.88,34.02,-0.1400000000000005,-0.41,92795.23,333863.788
,2024-03-13,33.95,34.01,33.34,33.6,33.88,-0.2800000000000011,-0.83,98010.15,346817.284
,2024-03-14,33.76,33.91,33.05,33.17,33.6,-0.4299999999999997,-1.28,103959.72,364883.895
,2024-03-15,33.09,33.39,32.59,33.01,33.17,-0.1600000000000037,-0.48,88656.84,307674.16
,2024-03-18,32.95,33.52,32.77,33.5,33.01,0.490000000000002,1.48,84650.65,295753.137
,2024-03-19,33.44,33.5,32.95,33.0,33.5,-0.5,-1.49,81139.99,283842.836
,2024-03-20,33.06,33.28,32.83,33.15,33.0,0.1499999999999985,0.45,54067.43,188575.622
,2024-03-21,33.25,33.27,32.45,32.53,33.15,-0.6199999999999974,-1.87,74887.62,258284.626
,2024-03-22,32.46,32.55,31.98,32.13,32.53,-0.3999999999999986,-1.23,64094.16,217494.545
,2024-03-25,31.94,32.34,31.79,32.01,32.13,-0.1200000000000045,-0.37,59023.7,199762.107
,2024-03-26,31.91,32.53,31.81,32.27,32.01,0.2600000000000051,0.81,71171.99,241502.571
,2024-03-27,32.23,32.77,32.0,32.0,32.27,-0.2700000000000031,-0.84,55256.16,188746.951
,2024-03-28,31.94,32.52,31.69,32.32,32.0,0.3200000000000003,1.0,65347.0,221927.266
,2024-03-29,32.21,32.64,32.16,32.53,32.32,0.2100000000000008,0.65,45142.71,154484.127
,2024-04-01,32.53,32.61,31.96,32.46,32.53,-0.0700000000000002,-0.22,84132.5,286040.223
,2024-04-02,32.32,32.52,32.0,32.38,32.46,-0.0799999999999983,-0.25,62582.7,213133.795
,2024-04-03,32.37,32.86,32.27,32.72,32.38,0.3399999999999963,1.05,68709.18,236466.332
,2024-04-08,32.64,32.64,31.93,32.14,32.72,-0.5799999999999983,-1.77,71826.53,243792.815
,2024-04-09,32.27,33.05,32.03,33.03,32.14,0.8900000000000006,2.77,89387.36,307667.639
,2024-04-10,33.02,33.03,32.49,32.6,33.03,-0.4299999999999997,-1.3,41603.65,143721.485
,2024-04-11,32.48,33.17,32.32,32.78,32.6,0.1799999999999997,0.55,52715.61,183093.637
,2024-04-12,32.67,33.3,32.62,32.95,32.78,0.1700000000000017,0.52,59114.15,205910.937
,2024-04-15,32.94,33.83,32.86,33.63,32.95,0.6799999999999997,2.06,93586.4,330604.294
,2024-04-16,33.63,34.1,33.43,33.6,33.63,-0.0300000000000011,-0.09,104881.79,373700.94
,2024-04-17,33.5,34.24,33.43,34.19,33.6,0.5899999999999963,1.76,81066.55,289928.134
,2024-04-18,34.14,34.8,34.04,34.28,34.19,0.0900000000000034,0.26,78998.58,287268.727
,2024-04-19,34.22,35.08,34.15,34.69,34.28,0.4099999999999966,1.2,90457.06,331002.718
,2024-04-22,34.72,36.02,34.72,35.37,34.69,0.6799999999999997,1.96,129406.17,485272.57
,2024-04-23,35.37,35.75,34.87,35.47,35.37,0.1000000000000014,0.28,96527.02,359321.305
,2024-04-24,35.42,35.42,34.5,34.97,35.47,-0.5,-1.41,89603.22,329223.796
,2024-04-25,34.73,35.22,34.66,34.93,34.97,-0.0399999999999991,-0.11,53176.0,196113.916
,2024-04-26,34.73,35.45,34.71,34.75,34.93,-0.1799999999999997,-0.52,86159.19,317670.381
,2024-04-29,34.44,35.59,34.02,35.25,34.75,0.5,1.44,130600.27,483168.809
,2024-04-30,35.15,36.94,35.12,36.65,35.25,1.3999999999999986,3.97,124045.35,476278.388
,2024-05-06,36.9,37.17,35.94,36.26,36.65,-0.3900000000000005,-1.06,150415.64,578505.171
,2024-05-07,36.52,37.17,36.04,37.08,36.26,0.8200000000000003,2.26,124051.48,480653.247
,2024-05-08,36.97,37.13,36.37,36.69,37.08,-0.3900000000000005,-1.05,75787.17,293443.383
,2024-05-09,36.69,37.69,36.63,37.32,36.69,0.6300000000000026,1.72,88908.36,349842.277
,2024-05-10,37.31,38.58,37.18,37.61,37.32,0.2899999999999991,0.78,105755.01,422139.419
,2024-05-13,37.6,38.22,36.94,37.96,37.61,0.3500000000000014,0.93,92083.88,365320.445
,2024-05-14,37.92,38.77,37.75,38.28,37.96,0.3200000000000003,0.84,75039.63,302801.036
,2024-05-15,37.94,38.22,37.36,37.6,38.28,-0.6799999999999997,-1.78,61002.58,242374.821
,2024-05-16,37.6,37.88,37.16,37.27,37.6,-0.3299999999999983,-0.88,63475.55,250931.277
,2024-05-17,37.24,37.67,36.68,37.14,37.27,-0.1300000000000025,-0.35,78720.81,307104.028
,2024-05-20,37.16,37.27,36.51,36.89,37.14,-0.25,-0.67,83856.0,326082.434
,2024-05-21,36.89,37.69,36.77,36.98,36.89,0.0899999999999963,0.24,61641.82,241707.617
,2024-05-22,36.84,37.07,36.43,36.89,36.98,-0.0899999999999963,-0.24,51305.0,199063.985
,2024-05-23,36.89,37.35,36.75,37.25,36.89,0.3599999999999994,0.98,68861.94,269836.146
,2024-05-24,37.13,37.94,37.06,37.51,37.25,0.259999999999998,0.7,70780.02,281027.893
,2024-05-27,37.46,38.0,36.96,37.6,37.51,0.0900000000000034,0.24,56776.22,224497.942
,2024-05-28,37.47,37.88,37.36,37.69,37.6,0.0899999999999963,0.24,63280.26,251385.347
,2024-05-29,37.69,37.85,37.24,37.36,37.69,-0.3299999999999983,-0.88,61017.31,236283.78
,2024-05-30,37.07,38.08,36.98,37.63,37.36,0.2700000000000031,0.72,44843.66,174696.363
,2024-05-31,37.6,37.92,37.16,37.68,37.63,0.0499999999999971,0.13,51032.55,198784.346
,2024-06-03,37.87,39.95,37.46,39.65,37.68,1.9699999999999989,5.23,160217.9,649378.932
,2024-06-04,39.65,40.64,39.15,40.45,39.65,0.8000000000000043,2.02,165646.63,683577.131
,2024-06-05,40.31,40.72,37.6,38.16,40.45,-2.2900000000000063,-5.66,235452.34,949758.662
,2024-06-06,38.76,39.76,38.5,38.71,38.16,0.5500000000000043,1.44,185977.18,750389.912
,2024-06-07,38.94,39.38,38.13,38.52,38.71,-0.1899999999999977,-0.49,96189.02,384670.575
,2024-06-11,38.52,39.88,38.31,39.68,38.52,1.1599999999999966,3.01,97567.13,395101.274
,2024-06-12,39.57,39.94,39.11,39.43,39.68,-0.25,-0.63,55450.37,225817.666
,2024-06-13,39.44,39.73,38.28,38.53,39.43,-0.8999999999999986,-2.28,72546.76,290524.932
,2024-06-14,38.33,38.66,38.13,38.32,38.53,-0.2100000000000008,-0.55,67481.68,267190.144
,2024-06-17,38.24,38.92,37.76,38.35,38.32,0.0300000000000011,0.08,56162.71,222432.467
,2024-06-18,38.4,38.5,37.29,37.45,38.35,-0.8999999999999986,-2.35,67682.13,263539.244
,2024-06-19,37.27,37.85,37.27,37.51,37.45,0.0599999999999951,0.16,53123.0,206253.477
,2024-06-20,37.37,37.69,36.93,37.33,37.51,-0.1799999999999997,-0.48,52642.15,202752.452
,2024-06-21,37.18,37.6,36.67,36.74,37.33,-0.5899999999999963,-1.58,51282.53,195610.898
,2024-06-24,36.75,36.92,36.18,36.46,36.74,-0.2800000000000011,-0.76,63554.61,239729.233
,2024-06-25,36.58,37.25,36.15,36.85,36.46,0.3900000000000005,1.07,46289.8,176467.704
,2024-06-26,37.15,37.38,36.17,36.51,36.85,-0.3400000000000034,-0.92,52753.64,198875.858
,2024-06-27,36.32,36.77,36.13,36.53,36.51,0.0200000000000031,0.05,37030.5,139799.981
,2024-06-28,36.37,37.06,36.32,36.39,36.53,-0.1400000000000005,-0.38,49791.5,188482.913
,2024-07-01,36.34,37.26,36.25,36.53,36.39,0.1400000000000005,0.38,62248.99,235716.495
,2024-07-02,36.7,36.84,35.66,35.87,36.53,-0.6600000000000037,-1.81,48659.35,181159.373
,2024-07-03,35.77,36.08,35.17,35.23,35.87,-0.6400000000000006,-1.78,51729.69,189494.141
,2024-07-04,35.08,35.41,34.69,35.25,35.23,0.0200000000000031,0.06,64047.56,231865.643
,2024-07-05,35.15,36.91,34.96,36.81,35.25,1.5600000000000025,4.43,84308.69,314657.854
,2024-07-08,36.73,36.82,35.25,35.44,36.81,-1.3700000000000043,-3.72,68931.5,254407.93
,2024-07-09,35.37,35.74,34.99,35.41,35.44,-0.0300000000000011,-0.08,49242.01,179623.766
,2024-07-10,35.14,35.62,34.47,35.26,35.41,-0.1499999999999985,-0.42,55512.54,201272.289
,2024-07-11,35.46,35.73,34.8,35.34,35.26,0.0800000000000054,0.23,53284.43,194219.698
,2024-07-12,35.13,35.51,34.97,35.37,35.34,0.029999999999994,0.08,33328.47,121521.998
,2024-07-15,35.16,35.7,34.85,35.65,35.37,0.2800000000000011,0.79,38360.0,140094.606
,2024-07-16,35.55,36.35,35.51,36.19,35.65,0.5399999999999991,1.51,69707.5,259661.199
,2024-07-17,35.98,37.4,35.88,36.92,36.19,0.730000000000004,2.02,89719.0,340205.963
,2024-07-18,36.68,37.4,36.6,37.19,36.92,0.269999999999996,0.73,53201.88,203405.724
,2024-07-19,36.97,37.26,36.48,36.91,37.19,-0.2800000000000011,-0.75,52077.98,198000.352
,2024-07-22,37.05,37.83,36.73,37.34,36.91,0.4300000000000068,1.16,53498.68,207011.933
,2024-07-23,37.37,37.58,35.59,35.66,37.34,-1.6800000000000068,-4.5,74652.0,278767.623
,2024-07-24,35.52,36.1,35.26,35.55,35.66,-0.1099999999999994,-0.31,44666.75,164786.608
,2024-07-25,35.35,35.77,35.04,35.58,35.55,0.0300000000000011,0.08,41737.9,152978.26
,2024-07-26,35.69,36.58,35.58,36.4,35.58,0.8200000000000003,2.3,53654.19,200899.459
,2024-07-29,36.4,36.47,35.38,35.87,36.4,-0.5300000000000011,-1.46,44771.0,165849.313
,2024-07-30,35.86,35.94,35.08,35.26,35.87,-0.6099999999999994,-1.7,42148.43,153887.073
,2024-07-31,35.2,36.17,34.82,36.0,35.26,0.740000000000002,2.1,65217.87,240442.467
,2024-08-01,36.0,36.05,33.82,33.98,36.0,-2.020000000000003,-5.61,154849.68,551422.926
,2024-08-02,33.77,35.11,33.68,34.16,33.98,0.1799999999999997,0.53,78744.51,280776.278
,2024-08-05,34.16,35.27,33.94,34.58,34.16,0.4200000000000017,1.23,69285.0,249400.602
,2024-08-06,34.71,35.13,34.07,34.41,34.58,-0.1700000000000017,-0.49,39114.4,139704.616
,2024-08-07,34.27,34.84,33.97,34.45,34.41,0.0400000000000062,0.12,35905.62,128184.026
,2024-08-08,34.45,34.94,34.19,34.56,34.45,0.1099999999999994,0.32,37808.5,135032.039
,2024-08-09,34.54,34.89,33.75,33.87,34.56,-0.6900000000000048,-2.0,44290.0,156085.451
,2024-08-12,33.58,35.06,33.47,34.09,33.87,0.2200000000000059,0.65,83616.51,297392.121
,2024-08-13,34.12,34.16,32.96,34.08,34.09,-0.0100000000000051,-0.03,84964.04,294200.645
,2024-08-14,33.97,34.15,33.49,33.95,34.08,-0.1299999999999954,-0.38,47282.0,165097.459
,2024-08-15,33.88,34.27,33.61,34.07,33.95,0.1199999999999974,0.35,50380.06,176747.045
,2024-08-16,33.95,34.01,33.18,33.71,34.07,-0.3599999999999994,-1.06,71554.75,248115.047
,2024-08-19,33.7,34.01,33.35,33.6,33.71,-0.1099999999999994,-0.33,47766.02,166262.498
,2024-08-20,33.57,33.82,33.1,33.47,33.6,-0.1300000000000025,-0.39,48277.12,166538.513
,2024-08-21,33.39,33.77,33.2,33.2,33.47,-0.269999999999996,-0.81,28200.71,97365.895
,2024-08-22,33.1,33.46,32.81,32.92,33.2,-0.2800000000000011,-0.84,45313.49,154680.707
,2024-08-23,32.82,33.34,32.43,32.99,32.92,0.0700000000000002,0.21,56746.5,192399.234
,2024-08-26,32.43,32.49,31.16,31.56,32.99,-1.4300000000000033,-4.33,154068.63,503861.445
,2024-08-27,31.58,31.86,30.86,30.9,31.56,-0.6600000000000001,-2.09,72345.61,233028.366
,2024-08-28,30.8,31.75,30.39,31.6,30.9,0.7000000000000028,2.27,87647.5,280893.459
,2024-08-29,31.59,31.95,31.26,31.82,31.6,0.2199999999999988,0.7,67475.57,220740.402
,2024-08-30,31.82,32.52,31.4,32.01,31.82,0.1899999999999977,0.6,73668.51,244225.452
,2024-09-02,32.01,32.06,30.72,30.82,32.01,-1.1899999999999975,-3.72,107009.65,343749.554
,2024-09-03,30.68,31.4,30.48,30.81,30.82,-0.0100000000000015,-0.03,75536.87,240825.431
,2024-09-04,30.67,30.93,30.21,30.33,30.81,-0.4800000000000004,-1.56,75369.95,237608.61
,2024-09-05,30.37,30.84,30.1,30.68,30.33,0.3500000000000014,1.15,46630.0,147230.639
,2024-09-06,30.68,31.35,30.32,30.34,30.68,-0.3399999999999998,-1.11,50732.5,161021.095
,2024-09-09,30.32,30.67,30.01,30.12,30.34,-0.2199999999999988,-0.73,49179.73,153824.886
,2024-09-10,30.15,30.52,29.96,30.44,30.12,0.3200000000000003,1.06,70852.0,221728.034
,2024-09-11,30.35,30.8,30.19,30.41,30.44,-0.0300000000000011,-0.1,39485.0,124506.358
,2024-09-12,30.38,30.84,29.59,29.78,30.41,-0.629999999999999,-2.07,78262.39,242518.237
,2024-09-13,29.8,30.2,29.61,29.79,29.78,0.009999999999998,0.03,63737.6,197031.282
,2024-09-18,29.78,30.66,29.69,30.65,29.79,0.8599999999999994,2.89,75768.48,238215.031
,2024-09-19,29.82,30.71,29.57,30.59,30.65,-0.0599999999999987,-0.2,131101.69,409113.236
,2024-09-20,30.47,30.59,29.71,30.02,30.59,-0.5700000000000003,-1.86,82174.14,255246.239
,2024-09-23,30.03,30.35,29.23,29.51,30.02,-0.509999999999998,-1.7,92225.86,281261.021
,2024-09-24,29.62,31.26,29.08,31.1,29.51,1.59,5.39,176553.05,553464.808
,2024-09-25,31.07,32.02,31.03,31.27,31.1,0.1699999999999981,0.55,123608.02,402717.35
,2024-09-26,31.16,33.44,30.82,33.27,31.27,2.000000000000004,6.4,146313.27,487676.819
,2024-09-27,33.67,34.81,33.23,34.4,33.27,1.1299999999999957,3.4,157174.39,552784.72
,2024-09-30,35.42,37.36,35.32,37.05,34.4,2.6499999999999986,7.7,208604.16,785187.754
,2024-10-08,40.65,40.72,35.24,37.05,37.05,0.0,0.0,305071.04,1186470.342
,2024-10-09,36.77,36.97,34.81,34.84,37.05,-2.2099999999999937,-5.96,221473.94,819584.655
,2024-10-10,35.23,37.07,35.23,35.82,34.84,0.9799999999999968,2.81,157486.15,582996.663
,2024-10-11,35.82,36.77,35.28,35.68,35.82,-0.1400000000000005,-0.39,104607.29,385136.723
,2024-10-14,35.68,37.09,35.23,36.4,35.68,0.7199999999999989,2.02,101916.89,377054.02
,2024-10-15,36.48,36.51,35.13,35.13,36.4,-1.269999999999996,-3.49,143148.79,522162.271
,2024-10-16,34.89,35.96,34.82,35.77,35.13,0.6400000000000006,1.82,94597.66,343669.859
,2024-10-17,35.77,36.13,33.28,33.45,35.77,-2.3200000000000003,-6.49,258900.69,904020.328
,2024-10-18,33.46,34.74,32.57,33.97,33.45,0.519999999999996,1.55,202536.81,694676.92
,2024-10-21,33.96,34.85,33.18,34.25,33.97,0.2800000000000011,0.82,164612.82,571936.596
,2024-10-22,34.11,34.62,33.97,34.22,34.25,-0.0300000000000011,-0.09,83068.08,290426.795
,2024-10-23,34.25,35.08,34.22,34.55,34.22,0.3299999999999983,0.96,73520.42,260002.933
,2024-10-24,34.41,34.59,33.72,33.88,34.55,-0.6699999999999946,-1.94,63291.52,220281.74
,2024-10-25,33.78,34.39,33.45,34.15,33.88,0.269999999999996,0.8,84176.01,291669.745
,2024-10-28,34.06,34.27,32.84,34.25,34.15,0.1000000000000014,0.29,153502.17,526831.754
,2024-10-29,34.3,34.56,33.21,33.25,34.25,-1.0,-2.92,108326.38,371750.485
,2024-10-30,33.2,33.57,32.88,33.46,33.25,0.2100000000000008,0.63,90234.1,305659.0
,2024-10-31,33.4,33.84,33.04,33.19,33.46,-0.2700000000000031,-0.81,84740.0,288012.585
,2024-11-01,33.18,34.61,32.93,34.11,33.19,0.9200000000000016,2.77,135319.99,469815.127
,2024-11-04,34.16,34.57,33.99,34.39,34.11,0.2800000000000011,0.82,62505.68,218899.794
,2024-11-05,34.43,34.81,33.79,34.74,34.39,0.3500000000000014,1.02,80536.04,283484.614
,2024-11-06,34.77,36.08,34.19,35.2,34.74,0.4600000000000008,1.32,127795.2,458226.728
,2024-11-07,35.03,36.5,34.89,36.12,35.2,0.9199999999999946,2.61,117719.11,432125.755
,2024-11-08,36.21,36.87,35.77,36.09,36.12,-0.029999999999994,-0.08,114522.99,425229.121
,2024-11-11,35.74,36.29,35.46,35.91,36.09,-0.1800000000000068,-0.5,87265.35,319453.62
,2024-11-12,37.19,37.42,36.27,36.67,35.91,0.7600000000000051,2.12,166825.39,626802.057
,2024-11-13,36.53,37.53,36.53,37.19,36.67,0.519999999999996,1.42,106412.84,402879.992
,2024-11-14,37.08,38.03,36.5,36.56,37.19,-0.6299999999999955,-1.69,98402.62,372478.274
,2024-11-15,36.21,36.8,35.79,35.79,36.56,-0.7700000000000031,-2.11,81369.76,300696.086
,2024-11-18,35.67,36.32,34.79,34.87,35.79,-0.9200000000000016,-2.57,82334.52,297687.843
,2024-11-19,35.03,35.32,34.48,35.03,34.87,0.1600000000000037,0.46,60333.51,214885.945
,2024-11-20,34.75,35.91,34.75,35.55,35.03,0.519999999999996,1.48,79172.29,287192.591
,2024-11-21,35.72,35.89,35.04,35.62,35.55,0.0700000000000002,0.2,48211.62,174564.135
,2024-11-22,35.35,35.9,34.42,34.42,35.62,-1.1999999999999955,-3.37,64725.27,231748.726
,2024-11-25,34.27,35.27,34.27,34.83,34.42,0.4099999999999966,1.19,72993.08,260179.949
,2024-11-26,34.79,35.17,34.02,34.09,34.83,-0.7399999999999949,-2.12,60825.08,214496.392
,2024-11-27,33.97,34.11,33.17,33.95,34.09,-0.1400000000000005,-0.41,69480.94,238787.977
,2024-11-28,33.95,33.98,33.09,33.25,33.95,-0.7000000000000028,-2.06,84192.5,286483.953
,2024-11-29,33.18,34.25,33.16,33.76,33.25,0.509999999999998,1.53,97898.53,338262.824
,2024-12-02,33.77,33.92,33.19,33.57,33.76,-0.1899999999999977,-0.56,112130.36,383290.386
,2024-12-03,33.57,33.65,33.2,33.37,33.57,-0.2000000000000028,-0.6,92957.68,316498.419
,2024-12-04,33.25,33.58,32.71,33.34,33.37,-0.029999999999994,-0.09,113104.69,383383.121
,2024-12-05,33.26,33.32,32.6,32.98,33.34,-0.3600000000000065,-1.08,92736.21,311780.159
,2024-12-06,32.97,33.34,32.9,33.16,32.98,0.1799999999999997,0.55,89162.79,302116.642
,2024-12-09,33.27,33.45,32.64,32.73,33.16,-0.4299999999999997,-1.3,110021.55,370350.321
,2024-12-10,33.76,34.82,33.37,34.13,32.73,1.4000000000000057,4.28,252349.46,880118.801
,2024-12-11,34.13,34.94,33.97,34.61,34.13,0.4799999999999969,1.41,115334.55,406678.433
,2024-12-12,34.61,34.61,33.88,34.41,34.61,-0.2000000000000028,-0.58,107752.71,376038.677
,2024-12-13,34.26,35.08,34.15,34.79,34.41,0.3800000000000025,1.1,128814.12,456194.683
,2024-12-16,35.0,35.78,34.11,34.53,34.79,-0.259999999999998,-0.75,129856.99,460458.937
,2024-12-17,34.25,34.81,33.98,34.49,34.53,-0.0399999999999991,-0.12,76384.08,268814.426
,2024-12-18,34.34,34.99,34.27,34.78,34.49,0.2899999999999991,0.84,64824.33,229630.412
,2024-12-19,34.57,35.22,34.35,35.2,34.78,0.4200000000000017,1.21,92253.15,329800.402
,2024-12-20,35.2,35.91,34.76,35.66,35.2,0.4599999999999937,1.31,99921.18,363351.872
,2024-12-23,35.58,36.07,35.31,35.49,35.66,-0.1699999999999946,-0.48,82862.74,302113.75
,2024-12-24,35.41,35.6,35.05,35.48,35.49,-0.0100000000000051,-0.03,68283.13,246685.177
,2024-12-25,35.73,35.99,34.76,35.1,35.48,-0.3799999999999954,-1.07,59415.5,213373.529
,2024-12-26,34.96,35.35,34.49,34.86,35.1,-0.240000000000002,-0.68,69968.1,249013.819
,2024-12-27,34.86,36.33,34.84,36.16,34.86,1.2999999999999972,3.73,113526.99,415862.027
,2024-12-30,36.15,36.76,36.03,36.17,36.16,0.0100000000000051,0.03,60886.9,225760.054
,2024-12-31,36.17,36.28,35.45,35.71,36.17,-0.4600000000000008,-1.27,70307.72,257088.739
,2025-01-02,35.61,35.98,34.66,34.92,35.71,-0.7899999999999991,-2.21,76428.69,275613.665
,2025-01-03,35.08,35.54,34.25,34.32,34.92,-0.6000000000000014,-1.72,73806.24,262815.518
,2025-01-06,34.4,34.66,33.91,34.2,34.32,-0.1199999999999974,-0.35,60849.63,212702.475
,2025-01-07,34.15,34.15,33.03,33.39,34.2,-0.8100000000000023,-2.37,116441.26,396814.559
,2025-01-08,33.42,34.39,33.32,33.94,33.39,0.5499999999999972,1.65,106560.23,369526.302
,2025-01-09,33.86,34.39,33.39,33.47,33.94,-0.4699999999999988,-1.38,45678.2,157539.141
,2025-01-10,33.38,34.04,33.23,33.7,33.47,0.2300000000000039,0.69,60138.0,207413.597
,2025-01-13,33.47,34.31,33.25,33.47,33.7,-0.2300000000000039,-0.68,56268.35,193393.766
,2025-01-14,33.38,34.66,33.22,34.51,33.47,1.0399999999999991,3.11,85909.97,299357.662
,2025-01-15,34.45,34.99,34.18,34.45,34.51,-0.0599999999999951,-0.17,42741.69,150641.625
,2025-01-16,34.47,34.94,34.4,34.65,34.45,0.1999999999999957,0.58,39254.15,139000.169
,2025-01-17,34.65,35.34,34.52,34.74,34.65,0.0900000000000034,0.26,49969.03,178518.171
,2025-01-20,34.89,34.99,33.53,33.91,34.74,-0.8300000000000054,-2.39,112148.46,389325.518
,2025-01-21,33.94,34.32,33.81,34.11,33.91,0.2000000000000028,0.59,37820.64,131846.047
,2025-01-22,33.93,34.11,33.3,33.92,34.11,-0.1899999999999977,-0.56,54911.33,188998.378
,2025-01-23,34.11,34.48,33.82,34.12,33.92,0.1999999999999957,0.59,45260.29,158047.751
,2025-01-24,34.02,34.5,33.77,34.26,34.12,0.1400000000000005,0.41,47389.9,166057.331
,2025-01-27,34.35,35.33,34.35,35.06,34.26,0.8000000000000043,2.34,74101.81,264758.056
,2025-02-05,35.06,35.59,34.82,35.46,35.06,0.3999999999999986,1.14,58142.96,209095.47
,2025-02-06,35.43,35.56,34.81,35.3,35.46,-0.1600000000000037,-0.45,65957.18,237000.397
,2025-02-07,35.24,35.51,34.9,35.07,35.3,-0.2299999999999968,-0.65,76837.62,276358.37
,2025-02-10,35.18,35.38,34.3,34.83,35.07,-0.240000000000002,-0.68,127978.45,454101.407
,2025-02-11,34.83,34.84,33.77,34.3,34.83,-0.5300000000000011,-1.52,144103.2,503309.614
,2025-02-12,34.22,34.76,33.77,34.67,34.3,0.3700000000000045,1.08,92876.7,327487.018
,2025-02-13,34.67,35.58,34.57,35.23,34.67,0.5599999999999952,1.62,121329.7,437447.714
,2025-02-14,35.26,37.02,35.23,36.55,35.23,1.3200000000000005,3.75,180374.08,671499.558
,2025-02-17,37.2,38.06,36.04,36.26,36.55,-0.2899999999999991,-0.79,218251.05,822236.964
,2025-02-18,36.09,37.12,35.73,36.67,36.26,0.4100000000000037,1.13,114929.04,429565.05
,2025-02-19,36.43,37.4,36.32,37.38,36.67,0.7100000000000009,1.94,100799.94,380919.315
,2025-02-20,37.56,39.42,37.44,37.78,37.38,0.3999999999999986,1.07,168701.0,662479.504
,2025-02-21,37.79,38.77,36.97,38.06,37.78,0.2800000000000011,0.74,188143.93,725518.778
,2025-02-24,37.87,38.73,37.48,38.2,38.06,0.1400000000000005,0.37,106715.19,417816.434
,2025-02-25,37.87,38.14,36.6,36.74,38.2,-1.4600000000000009,-3.82,87849.64,333319.96
,2025-02-26,36.7,36.99,36.07,36.15,36.74,-0.5900000000000034,-1.61,107752.66,399484.953
,2025-02-27,36.21,36.7,35.94,36.4,36.15,0.25,0.69,100432.82,372800.603
,2025-02-28,36.39,36.4,35.41,35.55,36.4,-0.8500000000000014,-2.34,86737.73,317280.186
,2025-03-03,35.55,36.31,35.3,36.03,35.55,0.480000000000004,1.35,102430.14,376032.049
,2025-03-04,36.01,36.56,35.67,36.05,36.03,0.019999999999996,0.06,59979.19,221654.811
,2025-03-05,36.0,36.56,35.78,35.82,36.05,-0.2299999999999968,-0.64,87520.21,322294.132
,2025-03-06,35.99,36.58,35.68,36.4,35.82,0.5799999999999983,1.62,105458.59,391095.655
,2025-03-07,36.21,36.4,35.92,36.1,36.4,-0.2999999999999971,-0.82,58455.7,215554.264
,2025-03-10,36.89,37.55,36.4,36.65,36.1,0.5499999999999972,1.52,100306.46,377278.503
,2025-03-11,36.21,36.65,35.9,36.3,36.65,-0.3500000000000014,-0.95,63102.29,233346.777
,2025-03-12,36.2,36.64,36.05,36.4,36.3,0.1000000000000014,0.28,72029.9,267905.2
,2025-03-13,36.21,36.44,35.72,35.95,36.4,-0.4499999999999957,-1.24,64639.58,237156.267
,2025-03-14,35.85,36.46,35.7,36.4,35.95,0.4499999999999957,1.25,109731.51,404740.489
,2025-03-17,36.37,36.87,36.21,36.58,36.4,0.1799999999999997,0.49,149399.19,558467.514
,2025-03-18,36.58,36.7,35.77,35.93,36.58,-0.6499999999999986,-1.78,110919.53,408479.48
,2025-03-19,35.84,35.94,35.44,35.77,35.93,-0.1599999999999966,-0.45,60222.91,219630.717
,2025-03-20,35.72,35.75,35.03,35.08,35.77,-0.6900000000000048,-1.93,98649.33,355454.897
,2025-03-21,35.13,35.58,34.93,35.12,35.08,0.0399999999999991,0.11,55652.01,200028.027
,2025-03-24,35.11,35.26,34.74,34.96,35.12,-0.1599999999999966,-0.46,57153.76,204132.042
,2025-03-25,34.96,35.19,34.74,34.87,34.96,-0.0900000000000034,-0.26,47104.86,167820.655
,2025-03-26,34.86,35.1,34.33,34.62,34.87,-0.25,-0.72,57966.53,204664.871
,2025-03-27,34.59,35.17,34.2,35.11,34.62,0.490000000000002,1.42,78053.87,276765.393
,2025-03-28,34.95,35.07,34.68,34.72,35.11,-0.3900000000000005,-1.11,50818.59,180958.889
,2025-03-31,34.67,34.74,33.91,34.13,34.72,-0.5899999999999963,-1.7,76534.52,267349.557
,2025-04-01,34.13,35.0,34.07,34.92,34.13,0.7899999999999991,2.31,78177.98,277659.093
,2025-04-02,34.74,35.31,34.72,35.27,34.92,0.3500000000000014,1.0,68142.27,244918.849
,2025-04-03,35.01,35.33,34.52,35.09,35.27,-0.1799999999999997,-0.51,74931.46,267801.758
,2025-04-07,33.85,34.57,31.74,32.98,35.09,-2.1100000000000065,-6.01,135288.1,462405.213
,2025-04-08,32.96,33.84,32.88,33.51,32.98,0.5300000000000011,1.61,92289.86,314670.786
,2025-04-09,33.12,33.88,32.82,33.65,33.51,0.1400000000000005,0.42,97728.07,333359.348
,2025-04-10,33.87,34.25,33.5,33.87,33.65,0.2199999999999988,0.65,98104.1,339060.572
,2025-04-11,33.51,34.14,33.45,33.87,33.87,0.0,0.0,45032.92,155863.048
,2025-04-14,34.06,34.29,33.68,33.88,33.87,0.0100000000000051,0.03,45178.38,157197.572
,2025-04-15,33.88,34.04,33.53,33.65,33.88,-0.2300000000000039,-0.68,34192.84,117808.083
,2025-04-16,33.42,33.83,33.08,33.81,33.65,0.1600000000000037,0.48,45419.7,155229.186
,2025-04-17,33.57,33.7,33.17,33.23,33.81,-0.5800000000000054,-1.72,43429.99,148231.176
,2025-04-18,33.14,33.43,33.08,33.18,33.23,-0.0499999999999971,-0.15,25776.11,87574.829
,2025-04-21,33.11,33.54,32.99,33.41,33.18,0.2299999999999968,0.69,48832.39,166197.347
,2025-04-22,33.27,34.24,33.25,33.55,33.41,0.1400000000000005,0.42,58462.44,202065.684
,2025-04-23,33.76,34.04,33.42,33.57,33.55,0.0200000000000031,0.06,47471.84,163074.362
,2025-04-24,33.58,33.94,33.48,33.6,33.57,0.0300000000000011,0.09,38753.4,133407.685
,2025-04-25,33.61,33.71,32.46,32.5,33.6,-1.1000000000000014,-3.27,121872.11,407673.078
,2025-04-28,32.96,34.11,32.8,33.69,32.5,1.1899999999999975,3.66,139621.93,478672.926
,2025-04-29,33.69,33.86,33.48,33.53,33.69,-0.1599999999999966,-0.47,44475.97,152632.68
,2025-04-30,33.54,33.8,33.29,33.72,33.53,0.1899999999999977,0.57,59868.83,205312.871
,2025-05-06,33.87,34.38,33.77,34.23,33.72,0.509999999999998,1.51,81920.9,285725.24
,2025-05-07,34.4,34.5,34.08,34.21,34.23,-0.019999999999996,-0.06,58047.62,202992.785
,2025-05-08,34.21,34.45,34.13,34.25,34.21,0.0399999999999991,0.12,61519.18,215495.96
,2025-05-09,34.25,34.81,34.14,34.67,34.25,0.4200000000000017,1.23,77862.18,275535.565
,2025-05-12,34.77,34.91,34.4,34.79,34.67,0.1199999999999974,0.35,55166.37,195344.517
,2025-05-13,34.86,34.91,34.55,34.67,34.79,-0.1199999999999974,-0.34,50388.0,178416.937
,2025-05-14,34.62,35.38,34.27,35.03,34.67,0.3599999999999994,1.04,85600.88,305675.23
,2025-05-15,35.12,35.45,34.94,35.03,35.03,0.0,0.0,45202.39,162619.798
,2025-05-16,35.04,35.35,34.76,34.99,35.03,-0.0399999999999991,-0.11,72416.64,258883.489
,2025-05-19,34.99,35.98,34.85,35.89,34.99,0.8999999999999986,2.57,113640.04,414036.465
,2025-05-20,35.89,36.3,35.78,36.01,35.89,0.1199999999999974,0.33,54777.0,201744.089
,2025-05-21,35.99,36.6,35.93,36.48,36.01,0.4699999999999988,1.31,69791.51,259835.653
,2025-05-22,36.34,36.57,35.84,35.92,36.48,-0.5599999999999952,-1.54,53593.68,197279.413
,2025-05-23,35.96,36.63,35.85,36.16,35.92,0.2399999999999948,0.67,72059.66,267746.86
,2025-05-26,36.08,36.5,35.78,36.02,36.16,-0.1399999999999934,-0.39,58677.31,216782.942
,2025-05-27,36.16,36.62,36.16,36.44,36.02,0.4199999999999946,1.17,60067.26,221156.066
,2025-05-28,36.42,37.45,36.31,36.85,36.44,0.4100000000000037,1.13,93398.55,349389.263
,2025-05-29,36.88,37.31,36.72,37.15,36.85,0.2999999999999971,0.81,49845.45,186882.105
,2025-05-30,37.15,37.7,36.9,37.39,37.15,0.240000000000002,0.65,75165.41,285001.412
,2025-06-03,37.38,37.76,37.1,37.65,37.39,0.259999999999998,0.7,71823.53,272368.635
,2025-06-04,37.78,37.86,36.62,36.99,37.65,-0.6599999999999966,-1.75,93338.55,349083.318
,2025-06-05,37.01,37.16,36.53,36.67,36.99,-0.3200000000000003,-0.87,50245.34,186780.657
,2025-06-06,36.67,37.1,36.55,36.74,36.67,0.0700000000000002,0.19,45359.77,168597.391
,2025-06-09,36.72,36.83,36.32,36.39,36.74,-0.3500000000000014,-0.95,64523.38,238111.716
,2025-06-10,36.53,36.64,36.23,36.37,36.39,-0.0200000000000031,-0.05,47621.49,175340.478
,2025-06-11,36.38,36.7,36.11,36.31,36.37,-0.0599999999999951,-0.16,50641.16,185717.351
,2025-06-12,36.2,36.31,35.8,35.92,36.31,-0.3900000000000005,-1.07,62212.19,226254.517
,2025-06-13,35.9,35.94,35.22,35.48,35.92,-0.4400000000000048,-1.22,81994.2,294185.947
,2025-06-16,35.41,35.63,35.14,35.32,35.48,-0.1599999999999966,-0.45,54085.5,193384.598
,2025-06-17,35.43,35.61,34.97,35.07,35.32,-0.25,-0.71,62264.26,221605.346
,2025-06-18,35.07,35.25,34.61,34.96,35.07,-0.1099999999999994,-0.31,67568.03,237892.834
,2025-06-19,34.94,35.4,34.73,34.85,34.96,-0.1099999999999994,-0.31,69477.11,246595.777
,2025-06-20,34.81,35.12,34.58,34.77,34.85,-0.0799999999999983,-0.23,46731.82,164066.83
,2025-06-23,34.58,35.3,34.48,35.15,34.77,0.3799999999999954,1.09,74545.93,263405.17
,2025-06-24,35.17,35.57,35.06,35.3,35.15,0.1499999999999985,0.43,68811.49,245762.143
,2025-06-25,35.36,35.36,34.93,35.22,35.3,-0.0799999999999983,-0.23,72310.58,256507.674
,2025-06-26,35.22,35.29,34.92,35.04,35.22,-0.1799999999999997,-0.51,50546.77,179231.201
,2025-06-27,35.02,35.69,34.93,35.28,35.04,0.240000000000002,0.68,80433.45,286859.521
,2025-06-30,35.38,35.47,34.98,35.22,35.28,-0.0600000000000022,-0.17,60496.78,215049.775
,2025-07-01,35.28,35.61,35.15,35.34,35.22,0.1200000000000045,0.34,71917.58,257582.788
,2025-07-02,35.37,35.78,35.12,35.31,35.34,-0.0300000000000011,-0.08,85591.74,307066.631
,2025-07-03,35.41,35.87,35.3,35.54,35.31,0.2299999999999968,0.65,75379.01,271549.046
,2025-07-04,35.64,35.89,35.23,35.28,35.54,-0.259999999999998,-0.73,62838.06,224931.155
,2025-07-07,35.32,35.49,34.24,34.34,35.28,-0.9399999999999976,-2.66,105982.24,370819.816
,2025-07-08,34.24,34.62,34.19,34.54,34.34,0.1999999999999957,0.58,67941.43,236552.238
,2025-07-09,34.49,34.58,34.28,34.36,34.54,-0.1799999999999997,-0.52,47843.61,166501.72
,2025-07-10,34.35,34.47,34.04,34.42,34.36,0.0600000000000022,0.17,65117.54,225372.835
,2025-07-11,34.53,34.6,34.3,34.31,34.42,-0.1099999999999994,-0.32,73320.78,255053.417
,2025-07-14,34.32,34.48,34.18,34.3,34.31,-0.0100000000000051,-0.03,58608.4,203358.164
,2025-07-15,34.28,34.34,33.74,34.18,34.3,-0.1199999999999974,-0.35,85606.73,294199.737
,2025-07-16,34.13,34.59,34.08,34.58,34.18,0.3999999999999986,1.17,90943.9,316493.664
,2025-07-17,34.58,34.68,34.4,34.53,34.58,-0.0499999999999971,-0.14,47868.42,166891.4
,2025-07-18,34.63,34.76,34.36,34.76,34.53,0.2299999999999968,0.67,73536.35,256577.438
,2025-07-21,34.79,34.89,34.48,34.73,34.76,-0.0300000000000011,-0.09,63125.53,221205.698
,2025-07-22,34.86,34.95,34.59,34.76,34.73,0.0300000000000011,0.09,102585.5,360388.403
,2025-07-23,34.76,34.92,34.51,34.61,34.76,-0.1499999999999985,-0.43,111198.84,390345.734
,2025-07-24,35.22,35.85,34.85,35.54,34.61,0.9299999999999996,2.69,226282.62,808663.603
,2025-07-25,35.64,36.21,35.25,35.5,35.54,-0.0399999999999991,-0.11,183041.78,659982.813
,2025-07-28,35.36,35.58,34.85,35.0,35.5,-0.5,-1.41,140108.61,496266.974
,2025-07-29,34.98,35.12,34.77,35.04,35.0,0.0399999999999991,0.11,115685.78,408546.755
,2025-07-30,34.99,35.7,34.78,35.13,35.04,0.0900000000000034,0.26,177021.93,631737.55
,2025-07-31,35.1,35.12,34.47,34.51,35.13,-0.6200000000000045,-1.76,137714.32,482719.508
,2025-08-01,34.48,34.88,34.31,34.68,34.51,0.1700000000000017,0.49,71718.97,250977.757
,2025-08-04,34.51,34.86,34.28,34.83,34.68,0.1499999999999985,0.43,66808.55,233982.717
,2025-08-05,34.83,35.03,34.68,34.81,34.83,-0.019999999999996,-0.06,78109.01,275169.593
,2025-08-06,34.8,34.92,34.6,34.71,34.81,-0.1000000000000014,-0.29,78709.22,276217.812
,2025-08-07,34.74,35.17,34.66,35.02,34.71,0.3100000000000023,0.89,93469.35,330295.622
,2025-08-08,35.04,35.28,34.68,34.89,35.02,-0.1300000000000025,-0.37,68535.71,241934.998
,2025-08-11,34.9,35.42,34.69,35.21,34.89,0.3200000000000003,0.92,91910.6,326198.089
,2025-08-12,35.21,35.76,35.12,35.36,35.21,0.1499999999999985,0.43,116670.29,418628.094
,2025-08-13,35.52,35.59,35.27,35.35,35.36,-0.009999999999998,-0.03,81906.0,292920.087
,2025-08-14,35.33,35.6,35.19,35.29,35.35,-0.0600000000000022,-0.17,106806.59,381947.63
,2025-08-15,35.19,35.31,35.02,35.3,35.29,0.009999999999998,0.03,97056.51,344815.461
,2025-08-18,35.3,35.39,35.12,35.27,35.3,-0.029999999999994,-0.08,122669.18,436994.132
,2025-08-19,35.28,35.94,35.25,35.61,35.27,0.3399999999999963,0.96,159862.75,576352.473
,2025-08-20,35.62,35.86,35.44,35.82,35.61,0.2100000000000008,0.59,99496.19,358877.664
,2025-08-21,35.9,36.82,35.83,36.3,35.82,0.4799999999999969,1.34,158294.67,581652.361
,2025-08-22,36.21,36.34,35.85,36.21,36.3,-0.0899999999999963,-0.25,114377.08,416882.392
,2025-08-25,36.83,37.71,36.81,37.26,36.21,1.0499999999999972,2.9,218970.75,825912.625
,2025-08-26,37.28,37.81,37.25,37.63,37.26,0.3700000000000045,0.99,120583.97,457750.894
,2025-08-27,37.63,37.74,36.44,36.46,37.63,-1.1700000000000017,-3.11,145219.57,544515.563
,2025-08-28,36.47,36.85,35.83,36.54,36.46,0.0799999999999983,0.22,122958.3,451690.616
,2025-08-29,36.8,37.15,36.57,37.04,36.54,0.5,1.37,106139.37,396740.613
,2025-09-01,37.12,38.03,36.86,37.56,37.04,0.5200000000000031,1.4,145982.59,553509.683
,2025-09-02,37.72,37.72,36.73,36.92,37.56,-0.6400000000000006,-1.7,102926.87,387390.697
,2025-09-03,37.03,37.25,36.32,36.53,36.92,-0.3900000000000005,-1.06,81028.22,300437.969
,2025-09-04,36.41,36.56,35.91,36.38,36.53,-0.1499999999999985,-0.41,84930.18,311308.283
,2025-09-05,36.33,36.73,35.99,36.61,36.38,0.2299999999999968,0.63,82079.6,302501.097
,2025-09-08,36.61,39.77,36.47,39.57,36.61,2.960000000000001,8.09,275974.84,1076858.097
,2025-09-09,39.38,41.48,39.24,40.04,39.57,0.4699999999999988,1.19,291562.7,1189424.026
,2025-09-10,40.02,40.44,39.12,39.2,40.04,-0.8399999999999963,-2.1,111658.19,446504.348
,2025-09-11,39.08,39.2,38.47,39.15,39.2,-0.0500000000000042,-0.13,150828.04,592001.709
,2025-09-12,39.44,39.8,38.39,38.64,39.15,-0.509999999999998,-1.3,128583.21,502805.429
,2025-09-15,38.66,38.71,38.2,38.34,38.64,-0.2999999999999971,-0.78,112196.87,435207.273
,2025-09-16,38.47,39.06,38.11,38.76,38.34,0.4199999999999946,1.1,115499.46,449836.453
,2025-09-17,38.68,38.68,38.1,38.27,38.76,-0.4899999999999949,-1.26,114021.82,441902.292
,2025-09-18,38.27,38.49,37.5,37.99,38.27,-0.2800000000000011,-0.73,128234.65,494076.723
,2025-09-19,37.95,38.64,37.77,38.39,37.99,0.3999999999999986,1.05,101926.47,394968.216
,2025-09-22,38.39,38.45,37.27,37.57,38.39,-0.8200000000000003,-2.14,117876.87,448606.699
,2025-09-23,37.4,37.66,36.61,37.04,37.57,-0.5300000000000011,-1.41,100024.15,373970.147
,2025-09-24,37.05,37.65,37.05,37.6,37.04,0.5600000000000023,1.51,77207.51,292028.67
,2025-09-25,37.6,37.78,37.18,37.59,37.6,-0.009999999999998,-0.03,78037.46,295781.144
,2025-09-26,37.56,38.17,37.28,37.86,37.59,0.269999999999996,0.72,109335.6,418747.906
,2025-09-29,37.87,38.24,37.62,38.2,37.86,0.3400000000000034,0.9,92835.92,356420.93
,2025-09-30,38.24,38.79,37.87,38.6,38.2,0.3999999999999986,1.05,80603.03,312516.986
,2025-10-09,38.62,38.64,38.1,38.55,38.6,-0.0500000000000042,-0.13,81691.01,316709.671
,2025-10-10,38.51,38.83,38.33,38.55,38.55,0.0,0.0,71576.72,279163.294
,2025-10-13,37.68,37.94,37.36,37.54,38.55,-1.009999999999998,-2.62,92228.08,349108.102
,2025-10-14,37.62,38.34,37.44,37.54,37.54,0.0,0.0,85751.23,326126.738
,2025-10-15,37.58,37.84,37.34,37.79,37.54,0.25,0.67,61868.24,234107.257
,2025-10-16,37.82,38.56,37.67,37.86,37.79,0.0700000000000002,0.19,78672.08,301070.256
,2025-10-17,37.8,38.07,36.75,36.91,37.86,-0.9500000000000028,-2.51,127076.47,474169.514
,2025-10-20,36.95,37.12,36.21,36.45,36.91,-0.4599999999999937,-1.25,95664.49,351144.084
,2025-10-21,36.49,36.77,36.31,36.47,36.45,0.019999999999996,0.05,65565.16,240635.178
,2025-10-22,36.43,36.72,36.35,36.48,36.47,0.009999999999998,0.03,46707.19,171469.634
,2025-10-23,36.48,36.75,36.18,36.75,36.48,0.2700000000000031,0.74,46316.37,169702.08
,2025-10-24,36.61,36.94,36.53,36.91,36.75,0.1599999999999966,0.44,55486.17,204871.731
,2025-10-27,36.54,36.54,34.89,35.6,36.91,-1.3099999999999952,-3.55,342008.36,1218007.098
,2025-10-28,35.43,35.58,35.2,35.46,35.6,-0.1400000000000005,-0.39,92324.89,328652.012
,2025-10-29,35.45,35.8,35.11,35.73,35.46,0.269999999999996,0.76,99189.5,353701.596
,2025-10-30,35.73,35.9,35.52,35.72,35.73,-0.009999999999998,-0.03,81882.68,293905.858
,2025-10-31,35.72,36.23,35.51,35.83,35.72,0.1099999999999994,0.31,93207.8,336449.526
,2025-11-03,35.99,36.04,35.02,35.27,35.83,-0.5599999999999952,-1.56,110943.28,393228.715
,2025-11-04,35.22,35.26,34.82,34.93,35.27,-0.3400000000000034,-0.96,68713.11,241800.591
,2025-11-05,34.8,34.98,34.61,34.83,34.93,-0.1000000000000014,-0.29,62895.41,220198.205
,2025-11-06,34.85,35.01,34.67,35.01,34.83,0.1799999999999997,0.52,69101.93,242274.141
,2025-11-07,34.88,35.32,34.81,35.27,35.01,0.2600000000000051,0.74,90024.41,318202.073
,2025-11-10,35.3,35.98,35.22,35.77,35.27,0.5,1.42,101045.02,361760.034
,2025-11-11,35.77,36.29,35.62,36.29,35.77,0.519999999999996,1.45,100608.61,364447.413
,2025-11-12,36.19,36.65,36.13,36.29,36.29,0.0,0.0,70413.73,257713.8
,2025-11-13,36.22,36.39,36.02,36.29,36.29,0.0,0.0,71041.0,258371.385
,2025-11-14,36.16,36.65,36.01,36.01,36.29,-0.2800000000000011,-0.77,50623.32,184448.24
,2025-11-17,35.9,36.06,35.16,35.39,36.01,-0.6199999999999974,-1.72,60663.09,216264.42
,2025-11-18,35.3,35.41,35.11,35.16,35.39,-0.2300000000000039,-0.65,45055.0,159678.146
,2025-11-19,35.16,35.22,34.96,35.09,35.16,-0.0699999999999931,-0.2,41165.7,145209.496
,2025-11-20,35.18,35.65,35.14,35.32,35.09,0.2299999999999968,0.66,66166.92,235783.863
,2025-11-21,35.18,35.6,34.94,34.96,35.32,-0.3599999999999994,-1.02,107869.53,383229.824
,2025-11-24,35.11,35.65,34.84,35.52,34.96,0.5600000000000023,1.6,80671.7,287076.62
,2025-11-25,35.49,35.71,35.32,35.47,35.52,-0.0500000000000042,-0.14,48838.5,174640.0
,2025-11-26,35.47,35.91,35.35,35.74,35.47,0.2700000000000031,0.76,55280.81,198849.137
,2025-11-27,35.74,35.78,35.27,35.5,35.74,-0.240000000000002,-0.67,57394.06,205057.966
,2025-11-28,35.51,35.7,35.32,35.5,35.5,0.0,0.0,29162.03,104029.022
,2025-12-01,35.39,36.11,35.16,36.05,35.5,0.5499999999999972,1.55,69042.0,248644.527
,2025-12-02,36.04,36.15,35.61,35.82,36.05,-0.2299999999999968,-0.64,41759.8,149664.301
,2025-12-03,35.74,36.25,35.71,36.03,35.82,0.2100000000000008,0.59,45446.03,163743.071
,2025-12-04,36.03,36.22,35.75,36.19,36.03,0.1599999999999966,0.44,33581.53,120928.003
,2025-12-05,36.07,36.19,35.7,36.14,36.19,-0.0499999999999971,-0.14,46394.9,166743.086
,2025-12-08,36.22,36.25,35.83,35.84,36.14,-0.2999999999999971,-0.83,45611.11,164142.179
,2025-12-09,35.8,36.0,35.53,35.62,35.84,-0.2200000000000059,-0.61,41625.86,148814.081
,2025-12-10,35.81,35.83,35.45,35.68,35.62,0.0600000000000022,0.17,37263.42,132960.618
,2025-12-11,35.7,35.75,35.14,35.15,35.68,-0.5300000000000011,-1.49,47748.43,168986.731
,2025-12-12,35.13,35.79,35.06,35.76,35.15,0.6099999999999994,1.74,64008.22,227200.857
,2025-12-15,35.55,36.11,35.55,35.98,35.76,0.2199999999999988,0.62,49808.5,178999.049
,2025-12-16,35.88,36.1,35.58,35.8,35.98,-0.1799999999999997,-0.5,37986.12,135980.961
,2025-12-17,35.85,36.78,35.78,36.68,35.8,0.8800000000000026,2.46,97517.22,355920.867
,2025-12-18,36.54,37.94,36.5,37.84,36.68,1.1600000000000037,3.16,154891.76,578533.901
,2025-12-19,38.3,39.06,37.29,38.01,37.84,0.1699999999999946,0.45,208828.24,791967.986
,2025-12-22,38.0,38.32,37.7,37.76,38.01,-0.25,-0.66,137205.74,520210.484
,2025-12-23,37.75,37.76,36.72,36.8,37.76,-0.9600000000000009,-2.54,120860.46,449065.226
,2025-12-24,36.73,36.85,36.34,36.79,36.8,-0.009999999999998,-0.03,98630.24,361056.995
,2025-12-25,36.97,37.99,36.97,37.49,36.79,0.7000000000000028,1.9,114072.37,428661.758
,2025-12-26,37.47,37.91,37.1,37.41,37.49,-0.0800000000000054,-0.21,68373.0,256683.086
,2025-12-29,37.41,37.41,36.97,37.1,37.41,-0.3099999999999951,-0.83,59470.66,221037.129
,2025-12-30,37.07,38.37,36.98,38.21,37.1,1.1099999999999994,2.99,121252.63,458819.246
,2025-12-31,38.13,38.49,38.01,38.21,38.21,0.0,0.0,74326.49,284171.684
,2026-01-05,38.09,39.28,38.0,39.1,38.21,0.8900000000000006,2.33,134730.95,522339.571
,2026-01-06,39.15,39.39,38.6,38.88,39.1,-0.2199999999999988,-0.56,113064.37,440199.129
,2026-01-07,38.86,38.98,38.25,38.33,38.88,-0.5500000000000043,-1.41,87348.94,336253.804
,2026-01-08,38.2,38.85,37.96,38.53,38.33,0.2000000000000028,0.52,88838.45,341572.264
,2026-01-09,38.56,40.48,38.45,40.36,38.53,1.8299999999999983,4.75,197609.97,788610.729
,2026-01-12,40.68,44.4,40.65,43.45,40.36,3.0900000000000034,7.66,352695.34,1505548.695
,2026-01-13,43.45,44.76,41.88,42.1,43.45,-1.3500000000000014,-3.11,268816.57,1148752.511
,2026-01-14,42.3,46.31,42.3,45.4,42.1,3.299999999999997,7.84,496825.62,2240687.359
,2026-01-15,44.93,44.93,42.37,42.68,45.4,-2.719999999999999,-5.99,308894.84,1332319.219
,2026-01-16,42.15,42.96,40.46,40.5,42.68,-2.18,-5.11,261582.74,1079273.468
,2026-01-19,40.71,41.5,40.38,40.82,40.5,0.3200000000000003,0.79,143493.48,588433.037
,2026-01-20,40.82,41.0,39.89,40.06,40.82,-0.759999999999998,-1.86,112219.2,450399.776
,2026-01-21,40.02,41.6,39.91,41.1,40.06,1.0399999999999991,2.6,127420.07,522910.794
,2026-01-22,41.15,41.4,40.63,40.82,41.1,-0.2800000000000011,-0.68,78724.31,322666.747
,2026-01-23,40.9,41.4,40.63,41.15,40.82,0.3299999999999983,0.81,92441.99,379746.425
,2026-01-26,41.31,42.19,40.33,41.46,41.15,0.3100000000000023,0.75,152542.4,627834.473
,2026-01-27,41.46,41.83,40.5,41.25,41.46,-0.2100000000000008,-0.51,130998.72,537250.043
,2026-01-28,41.1,41.88,40.78,41.5,41.25,0.25,0.61,116090.61,480696.566
,2026-01-29,41.18,41.99,40.78,41.48,41.5,-0.0200000000000031,-0.05,125263.83,518980.079
,2026-01-30,41.41,41.42,39.29,39.9,41.48,-1.5799999999999983,-3.81,177293.75,710266.968
,2026-02-02,39.65,39.98,38.59,38.72,39.9,-1.1799999999999995,-2.96,115645.67,454325.758
,2026-02-03,38.88,39.28,38.39,38.94,38.72,0.2199999999999988,0.57,97525.51,378972.813
,2026-02-04,38.94,39.54,38.52,39.42,38.94,0.480000000000004,1.23,93237.29,364262.641
,2026-02-05,39.48,39.8,39.23,39.51,39.42,0.0899999999999963,0.23,63156.92,249465.675
,2026-02-06,39.3,39.66,38.92,39.09,39.51,-0.4199999999999946,-1.06,44599.88,175420.926
,2026-02-09,39.31,39.76,38.81,39.53,39.09,0.4399999999999977,1.13,71863.0,283210.455
,2026-02-10,39.54,39.55,39.0,39.37,39.53,-0.1600000000000037,-0.4,52542.7,206249.616
,2026-02-11,39.24,39.43,38.96,39.01,39.37,-0.3599999999999994,-0.91,45413.0,177795.397
,2026-02-12,39.08,39.08,38.39,38.6,39.01,-0.4099999999999966,-1.05,76471.33,295410.098
,2026-02-13,38.59,38.72,37.82,37.9,38.6,-0.7000000000000028,-1.81,65674.07,251049.297
,2026-02-24,38.27,39.11,38.19,38.83,37.9,0.9299999999999996,2.45,94661.96,366833.478
,2026-02-25,40.0,40.26,39.23,39.47,38.83,0.6400000000000006,1.65,104332.22,413406.052
,2026-02-26,39.33,39.47,38.0,38.11,39.47,-1.3599999999999994,-3.45,139138.57,534700.61
,2026-02-27,38.09,38.7,37.92,38.7,38.11,0.5900000000000034,1.55,72331.26,277904.275
,2026-03-02,38.21,38.27,37.45,37.96,38.7,-0.740000000000002,-1.91,111639.96,422066.989
,2026-03-03,37.89,37.98,36.59,36.73,37.96,-1.230000000000004,-3.24,115079.61,427337.621
,2026-03-04,36.41,36.82,36.03,36.3,36.73,-0.4299999999999997,-1.17,77291.72,280941.474
,2026-03-05,36.71,36.77,36.1,36.27,36.3,-0.029999999999994,-0.08,67164.73,244365.164
,2026-03-06,36.21,37.26,36.1,36.9,36.27,0.6299999999999955,1.74,86510.77,319411.663
,2026-03-09,36.5,36.87,36.1,36.37,36.9,-0.5300000000000011,-1.44,81379.3,296191.939
,2026-03-10,36.73,37.09,36.42,36.72,36.37,0.3500000000000014,0.96,68308.6,250448.037
,2026-03-11,36.58,36.7,36.13,36.47,36.72,-0.25,-0.68,82849.67,301769.657
,2026-03-12,36.53,36.53,36.18,36.27,36.47,-0.1999999999999957,-0.55,58992.11,214137.441
,2026-03-13,36.26,36.62,36.16,36.28,36.27,0.009999999999998,0.03,68394.21,248972.411
,2026-03-16,36.3,36.38,35.43,35.9,36.28,-0.3800000000000025,-1.05,108829.81,389123.906
,2026-03-17,35.91,36.32,35.8,35.83,35.9,-0.0700000000000002,-0.19,75697.58,272616.033
,2026-03-18,35.83,36.02,35.62,35.91,35.83,0.0799999999999983,0.22,55055.67,197173.769
,2026-03-19,35.65,35.8,35.3,35.44,35.91,-0.4699999999999988,-1.31,57460.63,204020.784
,2026-03-20,35.47,35.87,35.0,35.0,35.44,-0.4399999999999977,-1.24,64661.61,228798.878
,2026-03-23,34.68,34.74,33.21,33.43,35.0,-1.5700000000000005,-4.49,121657.48,411851.387
,2026-03-24,33.93,33.95,33.33,33.73,33.43,0.2999999999999971,0.9,70198.09,236427.801
,2026-03-25,34.5,34.79,34.25,34.44,33.73,0.7100000000000009,2.1,73741.11,253783.465
,2026-03-26,34.29,34.47,33.21,33.3,34.44,-1.1400000000000006,-3.31,90205.76,304244.5
,2026-03-27,32.95,34.09,32.81,33.98,33.3,0.6799999999999997,2.04,78601.03,263630.154
,2026-03-30,33.59,34.43,33.51,34.29,33.98,0.3100000000000023,0.91,55868.87,189848.702
,2026-03-31,34.22,34.65,33.9,33.9,34.29,-0.3900000000000005,-1.14,62253.32,213471.797
,2026-04-01,34.5,34.6,33.84,34.23,33.9,0.3299999999999983,0.97,74203.01,252820.081
,2026-04-02,34.07,34.43,33.62,33.8,34.23,-0.4299999999999997,-1.26,64614.46,219020.735
,2026-04-03,33.71,33.8,33.15,33.22,33.8,-0.5799999999999983,-1.72,46107.99,153747.049
,2026-04-07,33.24,33.39,32.27,32.58,33.22,-0.6400000000000006,-1.93,91046.48,297600.572
,2026-04-08,33.16,33.45,32.92,33.38,32.58,0.8000000000000043,2.46,98720.9,327595.73
,2026-04-09,33.05,33.1,32.06,32.21,33.38,-1.1700000000000017,-3.51,119448.92,387544.737
,2026-04-10,32.3,32.99,32.22,32.6,32.21,0.3900000000000005,1.21,103292.86,337156.913
,2026-04-13,32.4,32.62,32.22,32.33,32.6,-0.2700000000000031,-0.83,68091.5,220669.107
,2026-04-14,32.46,33.05,32.2,33.03,32.33,0.7000000000000028,2.17,85560.42,278913.038
,2026-04-15,33.41,33.66,32.91,33.06,33.03,0.0300000000000011,0.09,82840.01,274949.44
,2026-04-16,33.13,33.15,32.75,32.93,33.06,-0.1300000000000025,-0.39,62217.43,204614.196
,2026-04-17,32.9,32.9,32.55,32.8,32.93,-0.1300000000000025,-0.39,52926.43,173102.487
,2026-04-20,32.8,33.2,32.62,32.87,32.8,0.0700000000000002,0.21,60812.06,200103.292
,2026-04-21,32.89,33.13,32.61,32.75,32.87,-0.1199999999999974,-0.37,50260.76,164649.802
,2026-04-22,32.76,32.9,32.59,32.7,32.75,-0.0499999999999971,-0.15,73051.91,238968.622
,2026-04-23,32.58,32.79,32.3,32.38,32.7,-0.3200000000000003,-0.98,63683.11,206656.285
,2026-04-24,32.32,32.38,31.78,31.78,32.38,-0.6000000000000014,-1.85,88309.08,282137.064
,2026-04-27,30.98,30.98,29.0,29.14,31.78,-2.640000000000001,-8.31,338463.39,1003714.593
,2026-04-28,29.15,29.32,28.9,29.08,29.14,-0.0600000000000022,-0.21,129732.23,377140.188
,2026-04-29,29.17,29.44,29.02,29.4,29.08,0.3200000000000003,1.1,115517.21,337922.195
,2026-04-30,29.24,29.63,29.17,29.28,29.4,-0.1199999999999974,-0.41,79440.7,232960.036
,2026-05-06,29.36,29.75,29.36,29.62,29.28,0.3399999999999998,1.16,95952.42,284095.576
,2026-05-07,29.77,29.83,29.61,29.73,29.62,0.1099999999999994,0.37,81633.9,242538.568
,2026-05-08,30.0,30.36,29.89,30.0,29.73,0.2699999999999996,0.91,108773.14,327397.897
